{"eval/loss": 0.4325438439846039, "eval/runtime": 0.7088, "eval/samples_per_second": 7.054, "eval/steps_per_second": 2.821, "train/epoch": 3.0, "train/global_step": 15, "_timestamp": 1741201209, "_runtime": 44, "_step": 4, "train/loss": 0.628, "train/grad_norm": 4.0159220695495605, "train/learning_rate": 6.666666666666667e-06, "train_runtime": 163.837, "train_samples_per_second": 0.366, "train_steps_per_second": 0.092, "total_flos": 3974021959680.0, "train_loss": 0.6079611778259277, "_wandb": {"runtime": 278}}