{"eval/loss": 0.6482491493225098, "eval/runtime": 1.8448, "eval/samples_per_second": 7.589, "eval/steps_per_second": 2.168, "train/epoch": 10.0, "train/global_step": 130, "_timestamp": 1741205210, "_runtime": 2645, "_step": 63, "train/loss": 0.5521, "train/grad_norm": 3.885246753692627, "train/learning_rate": 0.0, "train_runtime": 290.6571, "train_samples_per_second": 1.789, "train_steps_per_second": 0.447, "total_flos": 34441523650560.0, "train_loss": 0.607210060266348, "_wandb": {"runtime": 999}}