{"train/loss": 0.6264, "train/grad_norm": 4.410773754119873, "train/learning_rate": 0.0, "train/epoch": 10.0, "train/global_step": 130, "_timestamp": 1741206689, "_runtime": 295, "_step": 23, "eval/loss": 0.6045107245445251, "eval/runtime": 1.8603, "eval/samples_per_second": 7.525, "eval/steps_per_second": 2.15, "train_runtime": 296.4092, "train_samples_per_second": 1.754, "train_steps_per_second": 0.439, "total_flos": 34441523650560.0, "train_loss": 0.6730384643261249, "_wandb": {"runtime": 382}}